rank,quality,sugar
6,Fair,4.724227815
6,Fair,5.12974256
6,Fair,4.208500049
6,Fair,4.930203978
6,Fair,5.172344054
6,Fair,3.965636227
6,Fair,6.663195921
6,Fair,6.994248862
6,Fair,6.505790527
6,Fair,3.574031992
6,Fair,3.039754709
6,Fair,6.544647378
6,Fair,4.625500491
6,Fair,4.226917247
6,Fair,5.913421188
6,Fair,6.691357248
6,Fair,3.169816188
6,Fair,6.85518882
6,Fair,3.923750143
6,Fair,3.059110071
6,Fair,4.588901765
6,Fair,3.094901373
6,Fair,4.617748456
6,Fair,5.35436546
6,Fair,5.134819872
6,Fair,4.996330795
6,Fair,4.21514263
6,Fair,4.215611729
6,Fair,4.918807286
6,Fair,6.576742782
6,Fair,5.16117933
6,Fair,5.660984637
6,Fair,3.332813934
6,Fair,5.133302579
6,Fair,3.279360548
6,Fair,5.2546027
6,Fair,3.233793324
6,Fair,3.735981871
6,Fair,5.111654729
6,Fair,6.843029713
6,Fair,6.334047142
6,Fair,4.928858513
6,Fair,5.838263759
6,Fair,4.099271224
6,Fair,3.582590371
6,Fair,6.475397034
6,Fair,3.890543804
6,Fair,4.191245413
6,Fair,3.021264239
6,Fair,3.228995165
6,Fair,4.827611791
6,Fair,5.413715263
6,Fair,6.057149449
6,Fair,3.360096305
6,Fair,3.221680537
6,Fair,3.504819591
6,Fair,4.678777721
6,Fair,4.955721925
6,Fair,6.781571491
6,Fair,3.504579063
6,Fair,3.125638576
6,Fair,6.269919801
6,Fair,6.152997104
6,Fair,3.043469758
6,Fair,3.673529719
6,Fair,5.950790042
6,Fair,6.823202146
6,Fair,3.940523605
6,Fair,4.365433454
6,Fair,4.872589805
6,Fair,4.54723836
6,Fair,3.946424002
6,Fair,3.21729506
6,Fair,6.276218943
6,Fair,6.585942157
6,Fair,4.874137465
6,Fair,5.956321585
6,Fair,3.837684713
6,Fair,4.55942154
6,Fair,5.91308386
6,Fair,3.321038754
6,Fair,3.227645907
6,Fair,3.491535154
6,Fair,4.688315587
6,Fair,4.284083712
6,Fair,3.709114755
6,Fair,4.545276371
6,Fair,5.706004216
6,Fair,3.414790592
6,Fair,5.550324658
6,Fair,6.349338043
6,Fair,4.237903687
6,Fair,5.013915608
6,Fair,5.661801869
6,Fair,4.814419254
6,Fair,5.203458077
6,Fair,6.557198665
6,Fair,4.453911167
6,Fair,6.05716382
6,Fair,3.631235707
6,Fair,4.559797705
6,Fair,3.593212251
6,Fair,3.142292162
6,Fair,6.111039799
6,Fair,3.750560715
6,Fair,5.345079892
6,Fair,4.47317742
6,Fair,3.88260508
6,Fair,5.618479741
6,Fair,6.417037785
6,Fair,3.931855663
6,Fair,3.152882227
6,Fair,6.497125617
6,Fair,5.039161398
6,Fair,5.792199259
6,Fair,3.676777574
6,Fair,4.067064435
6,Fair,3.004845695
6,Fair,5.615943067
6,Fair,4.183017396
6,Fair,5.084153077
6,Fair,6.054366663
6,Fair,4.122756088
6,Fair,5.468227241
6,Fair,3.672216992
6,Fair,3.648378172
6,Fair,4.436611532
6,Fair,5.228493193
6,Fair,5.991836493
6,Fair,6.096267774
6,Fair,4.382000064
6,Fair,5.160206333
6,Fair,3.029601411
6,Fair,4.987489844
6,Fair,3.210540486
6,Fair,6.430870809
6,Fair,4.207374509
6,Fair,3.628768067
6,Fair,3.710493561
6,Fair,6.981293305
6,Fair,4.434884135
6,Fair,6.17340878
6,Fair,6.783647596
6,Fair,4.410486513
6,Fair,6.52077676
6,Fair,5.805740701
6,Fair,5.051193724
6,Fair,5.700248547
6,Fair,4.432544301
6,Fair,3.290313921
6,Fair,6.279937031
6,Fair,6.210269531
6,Fair,3.741124894
6,Fair,3.186534644
6,Fair,6.571627775
6,Fair,5.8018287
6,Fair,5.262936467
6,Fair,5.236146014
6,Fair,3.927258768
6,Fair,6.946774392
6,Fair,5.70820673
6,Fair,4.880465355
6,Fair,6.490191393
6,Fair,6.62808882
6,Fair,5.241809674
6,Fair,6.192754918
6,Fair,4.639055214
6,Fair,3.652114926
6,Fair,6.168636328
6,Fair,3.824295477
6,Fair,4.788601868
6,Fair,6.826780675
6,Fair,4.786728939
6,Fair,3.598429058
6,Fair,5.953512821
6,Fair,5.332198249
6,Fair,6.043222932
6,Fair,5.431050316
6,Fair,6.774030845
6,Fair,3.601943435
6,Fair,4.221073105
6,Fair,5.592646915
6,Fair,6.361692254
6,Fair,6.396874957
6,Fair,6.651163809
6,Fair,5.540774068
6,Fair,5.587490694
6,Fair,5.337984361
6,Fair,5.868245182
6,Fair,6.293635259
6,Fair,4.484548141
6,Fair,5.465274817
6,Fair,4.978311851
6,Fair,4.328769828
6,Fair,5.223933082
6,Fair,3.451923834
6,Fair,3.902503157
6,Fair,3.173951438
6,Fair,6.450297781
6,Fair,4.637436976
6,Fair,4.898328226
6,Fair,4.844119834
6,Fair,3.74373905
6,Fair,3.741300661
6,Fair,5.382950488
6,Fair,5.545830874
6,Fair,5.945364519
6,Fair,3.87201902
6,Fair,3.770847973
6,Fair,5.817122453
6,Fair,4.181915593
6,Fair,5.528783113
6,Fair,4.788023589
6,Fair,6.220639647
6,Fair,4.979408521
6,Fair,3.955132404
6,Fair,6.646902018
6,Fair,3.468423953
6,Fair,3.393325273
6,Fair,6.445619262
6,Fair,5.867098938
6,Fair,5.375456868
6,Fair,3.007911504
6,Fair,3.155778126
6,Fair,5.687988862
6,Fair,6.796618652
6,Fair,3.665625421
6,Fair,4.204961965
6,Fair,4.453888163
6,Fair,4.939687867
6,Fair,6.134480258
6,Fair,4.269400902
6,Fair,4.300421173
6,Fair,3.25724406
6,Fair,3.732439961
6,Fair,6.80339968
6,Fair,5.395613196
6,Fair,5.507957154
6,Fair,6.9152166
6,Fair,6.182327589
6,Fair,3.459543934
6,Fair,3.492409532
6,Fair,3.951123442
6,Fair,3.056407711
6,Fair,4.529738347
6,Fair,3.671616199
6,Fair,4.453858078
6,Fair,4.665148472
6,Fair,6.558847776
6,Fair,5.95430198
6,Fair,4.8968467
6,Fair,6.457202882
6,Fair,6.518754563
6,Fair,6.12275488
6,Fair,5.254675115
6,Fair,3.384663127
6,Fair,4.49135268
6,Fair,6.046521318
6,Fair,4.353896604
6,Fair,6.448345482
6,Fair,4.698372982
6,Fair,3.617999008
6,Fair,3.155402805
6,Fair,3.216513938
6,Fair,3.769264728
6,Fair,3.454454702
6,Fair,6.024622386
6,Fair,5.58253246
6,Fair,4.443249591
6,Fair,3.761384246
6,Fair,5.485800681
6,Fair,6.843073654
6,Fair,3.549154975
6,Fair,4.656143276
6,Fair,4.180691357
6,Fair,5.965894311
6,Fair,5.734057983
6,Fair,5.433180425
6,Fair,4.488656098
6,Fair,5.189469384
6,Fair,4.069166258
6,Fair,4.571596305
6,Fair,5.920150047
6,Fair,5.068119766
6,Fair,5.370579769
6,Fair,3.067346982
6,Fair,5.443564741
6,Fair,5.133588691
6,Fair,4.874306982
6,Fair,4.517115717
6,Fair,5.460825995
6,Fair,6.042246206
6,Fair,6.643684825
6,Fair,6.226573379
6,Fair,3.583229939
6,Fair,4.082137107
6,Fair,6.862569496
6,Fair,5.99548215
6,Fair,5.623892273
6,Fair,3.339234958
6,Fair,6.792186739
6,Fair,5.802398458
6,Fair,3.706337002
6,Fair,3.301061925
6,Fair,6.785567524
6,Fair,5.233016585
6,Fair,6.871036451
6,Fair,3.912178877
6,Fair,3.349865095
6,Fair,3.335298948
6,Fair,3.72576337
6,Fair,3.820813412
6,Fair,6.137544977
6,Fair,3.573195528
6,Fair,4.731497572
6,Fair,3.630795806
6,Fair,3.13844466
6,Fair,4.472782288
6,Fair,4.991554959
6,Fair,3.036827523
6,Fair,6.939254668
6,Fair,4.791956189
6,Fair,4.24745745
6,Fair,4.360351831
6,Fair,6.013747169
6,Fair,3.08212746
6,Fair,4.411907858
6,Fair,3.055629249
6,Fair,5.559805213
6,Fair,6.8239766
6,Fair,3.306198606
6,Fair,3.369162717
6,Fair,5.17200348
6,Fair,3.73575779
6,Fair,6.847054191
6,Fair,3.038812087
6,Fair,5.247326481
6,Fair,3.999024436
6,Fair,4.444457582
6,Fair,5.543587235
6,Fair,4.302018196
6,Fair,6.789477833
6,Fair,5.29087534
6,Fair,6.350021137
6,Fair,3.397196188
6,Fair,4.337776059
6,Fair,5.729748625
6,Fair,3.340267837
6,Fair,3.426432777
6,Fair,3.523716419
6,Fair,5.934340515
6,Fair,3.345013901
6,Fair,3.604555956
6,Fair,6.307659537
6,Fair,6.690534969
6,Fair,5.189265393
6,Fair,5.492463879
6,Fair,3.086848854
6,Fair,5.834051983
6,Fair,3.52530637
6,Fair,3.944074254
6,Fair,3.209381004
6,Fair,3.608229316
6,Fair,6.844859199
6,Fair,3.358853088
6,Fair,5.774105768
6,Fair,5.19643997
6,Fair,3.345759591
6,Fair,6.32314784
6,Fair,4.361796782
6,Fair,4.137136686
6,Fair,5.072709831
6,Fair,3.047558567
6,Fair,4.980561901
6,Fair,3.63065741
6,Fair,6.793188506
6,Fair,5.586877287
6,Fair,4.863216421
6,Fair,3.275243372
6,Fair,4.129849761
6,Fair,5.841505528
6,Fair,4.348746194
6,Fair,4.362770518
6,Fair,6.252288731
6,Fair,6.528176027
6,Fair,6.267309492
6,Fair,4.509167313
6,Fair,6.07757936
6,Fair,4.105265441
6,Fair,3.586402294
6,Fair,4.845246269
6,Fair,5.419767828
6,Fair,6.569737905
6,Fair,5.618098822
6,Fair,3.229452244
6,Fair,5.766713223
6,Fair,6.353863235
6,Fair,5.69921102
6,Fair,4.196574352
6,Fair,4.640652783
6,Fair,4.493492661
6,Fair,5.895020773
6,Fair,3.37388604
6,Fair,6.752345425
6,Fair,4.271106834
6,Fair,4.716123018
6,Fair,4.861818042
6,Fair,3.608070869
6,Fair,5.003511469
6,Fair,4.427665608
6,Fair,4.41691514
6,Fair,3.512301874
6,Fair,6.98148418
6,Fair,5.515121095
6,Fair,6.343449014
6,Fair,5.010922178
6,Fair,5.255202002
6,Fair,4.078535428
6,Fair,4.382668248
6,Fair,4.100551176
6,Fair,5.948250537
6,Fair,3.53635159
6,Fair,5.785763655
6,Fair,4.450543781
6,Fair,3.756422449
6,Fair,4.719627548
6,Fair,5.358230034
6,Fair,6.847915588
6,Fair,5.152955567
6,Fair,3.052212741
6,Fair,6.172526693
6,Fair,3.48453141
6,Fair,5.760437041
6,Fair,4.483478886
6,Fair,3.852575699
6,Fair,4.94620568
6,Fair,3.42920959
6,Fair,4.923785527
6,Fair,5.805354632
6,Fair,5.797894545
6,Fair,4.331148605
6,Fair,4.988742839
6,Fair,4.989047581
6,Fair,5.323346345
6,Fair,5.862777295
6,Fair,3.041647203
6,Fair,4.524714253
6,Fair,6.372948744
6,Fair,4.089169792
6,Fair,6.648746248
6,Fair,6.349958182
6,Fair,6.765958552
6,Fair,6.368822697
6,Fair,5.684228227
6,Fair,3.970391983
6,Fair,4.028261336
6,Fair,5.507851948
6,Fair,6.703045621
6,Fair,3.209561891
6,Fair,3.951534024
6,Fair,3.022345111
6,Fair,3.178932113
6,Fair,3.411973636
6,Fair,3.566475428
6,Fair,3.106392185
6,Fair,3.022254966
6,Fair,3.701899929
6,Fair,6.693637619
6,Fair,6.953984696
6,Fair,4.230489594
6,Fair,3.98709116
6,Fair,6.961473876
6,Fair,6.330349834
6,Fair,3.913471327
6,Fair,5.6808294
6,Fair,4.837154646
6,Fair,6.643187531
6,Fair,4.912175295
6,Fair,4.851716586
6,Fair,6.164981292
6,Fair,3.91724795
6,Fair,4.666101806
6,Fair,6.996698135
6,Fair,5.881143177
6,Fair,4.667971634
6,Fair,3.469829016
6,Fair,5.459011099
6,Fair,4.074635362
6,Fair,4.191330864
6,Fair,5.980968059
6,Fair,3.157129292
6,Fair,5.47708362
6,Fair,3.298274063
6,Fair,4.294428991
6,Fair,3.662182249
6,Fair,6.233511201
6,Fair,3.113272418
6,Fair,6.785424397
6,Fair,6.577297519
6,Fair,3.606564297
6,Fair,4.041776149
6,Fair,6.415229868
6,Fair,6.937170711
6,Fair,3.686348456
6,Fair,5.823202967
6,Fair,5.143399852
6,Fair,4.113122263
6,Fair,4.494976748
6,Fair,4.191653345
6,Fair,6.765141905
6,Fair,4.373573201
6,Fair,3.647154111
6,Fair,5.141934123
6,Fair,6.888175578
6,Fair,6.035162889
6,Fair,5.440715912
6,Fair,3.80184703
6,Fair,3.918698346
6,Fair,4.629568113
6,Fair,5.998157434
6,Fair,5.054860417
6,Fair,4.817097163
6,Fair,3.756237796
6,Fair,3.937205028
6,Fair,3.193053043
6,Fair,5.367323571
6,Fair,3.890945828
6,Fair,5.510983614
6,Fair,5.368504093
6,Fair,3.513871314
6,Fair,6.574688803
6,Fair,5.861805023
6,Fair,6.092500881
6,Fair,6.012260287
6,Fair,6.130333138
6,Fair,3.73384496
6,Fair,4.510309184
6,Fair,5.12896119
6,Fair,6.587341046
6,Fair,6.588916007
6,Fair,6.919720123
6,Fair,4.215572748
6,Fair,4.371890144
6,Fair,5.716444559
6,Fair,3.137356697
6,Fair,3.535349844
6,Fair,5.093651208
6,Fair,3.813867158
6,Fair,4.54075218
6,Fair,4.038226338
6,Fair,6.059831489
6,Fair,6.500939466
6,Fair,4.253938497
6,Fair,4.27432336
6,Fair,5.834433991
6,Fair,3.393444431
6,Fair,4.468273783
6,Fair,3.183347287
6,Fair,6.010837223
6,Fair,6.285498382
6,Fair,4.301995626
6,Fair,4.582648518
6,Fair,5.291809773
6,Fair,6.867885795
6,Fair,5.843751326
6,Fair,3.192322977
6,Fair,5.169034521
6,Fair,3.700578944
6,Fair,4.336338469
6,Fair,3.576734149
6,Fair,4.21744649
6,Fair,6.62991243
6,Fair,4.985634531
6,Fair,6.706226664
6,Fair,5.172812101
6,Fair,3.144299468
6,Fair,5.201660571
6,Fair,6.397517357
6,Fair,6.626533535
6,Fair,5.855053674
6,Fair,3.792670098
6,Fair,4.662837704
6,Fair,3.363070726
6,Fair,4.878873275
6,Fair,6.743151893
6,Fair,5.009915597
6,Fair,5.886696006
6,Fair,6.164473657
6,Fair,3.362825907
6,Fair,6.963121228
6,Fair,3.641842602
6,Fair,3.230196912
6,Fair,5.633023082
6,Fair,6.779857141
6,Fair,5.426023718
6,Fair,3.189104211
6,Fair,4.262883325
6,Fair,5.400185605
6,Fair,5.723341093
6,Fair,5.846639989
6,Fair,3.771686495
6,Fair,5.4339066
6,Fair,3.147849337
6,Fair,4.798623226
6,Fair,5.625912829
6,Fair,3.258659972
6,Fair,5.103630841
6,Fair,4.220024509
6,Fair,5.221057362
6,Fair,3.614519044
6,Fair,4.485070795
6,Fair,5.922913282
6,Fair,4.541628802
6,Fair,3.524394618
6,Fair,6.304030236
6,Fair,5.431963202
6,Fair,6.041527125
6,Fair,6.002083309
6,Fair,3.19433092
6,Fair,5.519146392
6,Fair,3.871123441
6,Fair,6.712407531
6,Fair,3.594900915
6,Fair,3.882471985
6,Fair,4.171891671
6,Fair,4.245994616
6,Fair,3.720348932
6,Fair,3.790410289
6,Fair,5.286123221
6,Fair,4.994278631
6,Fair,4.570120853
6,Fair,4.681262601
6,Fair,5.093163844
6,Fair,3.180546493
6,Fair,3.146587253
6,Fair,5.986096363
6,Fair,6.98038883
7,Good,7.380842221
7,Good,4.775192124
7,Good,7.710445731
7,Good,4.509741426
7,Good,5.135873568
7,Good,4.121355872
7,Good,4.5815653
7,Good,7.045812643
7,Good,6.297158397
7,Good,4.302718789
7,Good,4.149885209
7,Good,4.789024361
7,Good,7.371567069
7,Good,7.569571024
7,Good,5.009440014
7,Good,6.454380528
8,Good,8.621211491
8,Good,8.006356896
7,Good,5.561644221
7,Good,5.424434597
7,Good,6.435035131
7,Good,6.316302582
7,Good,7.710443509
7,Good,7.558991357
7,Good,5.994314765
7,Good,4.77789289
7,Good,6.638199292
7,Good,4.64522538
7,Good,4.299291959
7,Good,6.475406693
7,Good,6.968440062
7,Good,5.456172316
7,Good,6.370413007
7,Good,7.830484653
7,Good,5.321331793
7,Good,4.567824812
7,Good,4.592563571
7,Good,6.946800436
8,Good,6.983246451
7,Good,5.411832584
7,Good,7.217066177
7,Good,7.149408162
7,Good,7.081356969
7,Good,6.441563922
7,Good,5.303466706
7,Good,5.820028803
7,Good,6.759107715
8,Good,7.577182336
7,Good,5.313775344
7,Good,4.820371923
7,Good,7.367225656
7,Good,7.435416346
8,Good,6.286107008
7,Good,6.713278725
8,Good,5.298677735
7,Good,7.911642706
7,Good,7.581402883
7,Good,6.733169299
8,Good,5.744614487
8,Good,7.982678734
7,Good,5.088241184
7,Good,6.860550294
7,Good,7.327100827
7,Good,6.947465558
7,Good,6.785093923
7,Good,5.826085181
7,Good,5.962002941
7,Good,6.898780292
7,Good,5.098360598
7,Good,4.263336222
7,Good,7.868183997
7,Good,6.325034954
7,Good,4.958512781
8,Good,8.815186604
7,Good,7.119953853
7,Good,6.267080063
7,Good,7.30504162
7,Good,6.755017035
7,Good,7.701085542
7,Good,5.274936505
7,Good,7.189957642
7,Good,4.547620229
7,Good,5.197767257
7,Good,4.709445542
7,Good,6.388198738
7,Good,5.450406457
7,Good,6.911424727
8,Good,6.031038404
7,Good,6.220624949
7,Good,7.133912311
7,Good,4.506737164
7,Good,5.907834395
7,Good,5.50989991
7,Good,6.96721926
7,Good,7.214007388
7,Good,6.764362529
7,Good,4.483490945
7,Good,7.235650944
7,Good,4.400853743
7,Good,5.358177477
7,Good,7.389608679
7,Good,7.878065706
7,Good,5.263188046
7,Good,5.666718171
7,Good,7.384374733
7,Good,5.133469943
7,Good,4.930557883
7,Good,4.744534953
7,Good,5.802899731
7,Good,7.82698845
7,Good,6.325755315
7,Good,6.625787435
7,Good,7.434274188
7,Good,5.149988905
7,Good,4.862932518
7,Good,4.835276515
7,Good,7.319274598
7,Good,5.587215159
7,Good,7.557087017
7,Good,7.657675825
7,Good,5.142976297
7,Good,7.977929086
7,Good,5.716692468
7,Good,4.75242104
7,Good,4.688747689
7,Good,7.026075286
7,Good,7.394445769
7,Good,7.958938908
7,Good,6.449586756
7,Good,4.085577164
7,Good,5.767699752
7,Good,5.406536842
7,Good,4.484684874
7,Good,5.828759222
7,Good,5.105128609
7,Good,5.151150004
7,Good,7.229087959
7,Good,5.578222061
7,Good,5.40369099
7,Good,4.840354648
7,Good,5.031489964
7,Good,4.996285664
7,Good,4.095461864
7,Good,4.159792679
7,Good,5.709056408
7,Good,7.735506644
7,Good,4.124816957
7,Good,6.616928737
7,Good,7.678915093
7,Good,6.363086688
7,Good,6.252617972
7,Good,6.388839546
7,Good,6.870706719
8,Good,6.02407443
7,Good,7.029342916
7,Good,6.765344487
7,Good,4.302861882
7,Good,7.286667191
7,Good,5.566763883
7,Good,6.265473568
7,Good,7.325476027
7,Good,5.636845786
7,Good,5.687122505
7,Good,6.520880368
8,Good,8.119603209
7,Good,5.49954167
7,Good,4.433904574
7,Good,4.946150273
7,Good,5.494749327
8,Good,7.16086582
7,Good,5.16259665
7,Good,5.184354193
7,Good,5.031936908
7,Good,5.917538341
7,Good,4.87542581
7,Good,7.072834524
7,Good,5.613094225
7,Good,4.742174719
7,Good,7.913158021
7,Good,4.307923733
7,Good,4.853922132
7,Good,5.601310322
7,Good,6.961046778
7,Good,6.147750277
8,Good,5.354470985
7,Good,7.094155611
7,Good,4.043414778
7,Good,4.257849923
7,Good,7.319493078
7,Good,7.710462117
7,Good,4.375166213
8,Good,8.818320668
7,Good,6.081572101
7,Good,7.192031054
7,Good,5.642333005
8,Good,6.585640692
7,Good,4.937134783
7,Good,4.817894469
7,Good,7.935553147
7,Good,4.460799938
7,Good,4.244047241
8,Good,7.983900624
7,Good,7.816809068
7,Good,4.922031704
7,Good,5.651543215
7,Good,5.514301289
7,Good,6.682097089
7,Good,5.817334849
7,Good,5.363046781
7,Good,5.471023715
7,Good,7.448504398
7,Good,6.657014945
7,Good,6.554865863
7,Good,5.352393405
8,Good,8.502110577
7,Good,7.378031306
7,Good,7.791528612
5,Poor,2.29993005
5,Poor,2.207865389
5,Poor,4.335366332
5,Poor,5.178542362
5,Poor,3.788779918
5,Poor,2.32813029
5,Poor,5.548054502
5,Poor,5.612036003
5,Poor,5.957124051
5,Poor,2.914951173
5,Poor,4.715969494
5,Poor,4.539376476
5,Poor,4.037529394
5,Poor,2.917933337
4,Poor,4.878836279
5,Poor,5.485590932
5,Poor,5.536521732
5,Poor,2.320613041
5,Poor,2.770909288
5,Poor,4.317005933
5,Poor,5.29169197
5,Poor,3.218799686
5,Poor,3.384553036
5,Poor,3.79332645
5,Poor,4.730938755
4,Poor,2.005526876
5,Poor,4.801951084
5,Poor,5.286225496
4,Poor,2.720602805
5,Poor,4.210399081
5,Poor,5.871037405
4,Poor,2.244071397
5,Poor,5.28326746
5,Poor,2.02029653
5,Poor,3.207501997
5,Poor,2.467238324
5,Poor,4.252794689
5,Poor,2.59007965
5,Poor,3.730955741
5,Poor,5.017201765
5,Poor,5.968208358
5,Poor,3.919484039
5,Poor,4.704355909
5,Poor,2.022924671
5,Poor,4.31297685
5,Poor,2.673592702
5,Poor,4.859491926
5,Poor,4.89242417
5,Poor,3.07047873
5,Poor,5.981778278
5,Poor,2.648137435
5,Poor,5.877766525
4,Poor,3.956576382
5,Poor,3.880320395
5,Poor,3.393634016
5,Poor,4.916820726
5,Poor,4.09770311
4,Poor,3.244086972
5,Poor,2.803246308
5,Poor,4.294959464
5,Poor,5.985319738
5,Poor,3.714075511
5,Poor,5.845231647
5,Poor,5.810653527
5,Poor,2.378716938
5,Poor,5.707735076
5,Poor,3.324847171
5,Poor,3.372898737
5,Poor,3.556897022
4,Poor,4.641704963
5,Poor,2.61008461
5,Poor,2.636960053
5,Poor,5.213258426
5,Poor,4.861643501
5,Poor,3.084970681
5,Poor,5.905440896
5,Poor,3.237816322
5,Poor,2.060061119
5,Poor,3.310792537
5,Poor,3.41792998
5,Poor,4.721441078
5,Poor,3.72954196
5,Poor,5.993002882
5,Poor,5.314369425
5,Poor,3.535235438
5,Poor,3.185068576
5,Poor,5.629085356
5,Poor,5.084570965
5,Poor,3.845450359
5,Poor,5.446833449
5,Poor,5.102276763
5,Poor,3.331870128
5,Poor,4.450236789
5,Poor,4.033253148
5,Poor,2.126130863
5,Poor,2.712271578
5,Poor,3.164600865
5,Poor,4.794732123
5,Poor,5.491320556
5,Poor,5.743253855
5,Poor,4.577916362
5,Poor,3.902976634
5,Poor,3.319662674
5,Poor,2.371609014
5,Poor,3.676486973
4,Poor,2.882725528
5,Poor,3.3953479
5,Poor,2.716945584
5,Poor,3.766385928
5,Poor,5.619229945
5,Poor,2.916612957
5,Poor,2.150971953
5,Poor,2.971334062
5,Poor,2.045623014
4,Poor,2.915806343
5,Poor,3.038484021
5,Poor,5.030030834
5,Poor,5.781406182
5,Poor,5.772660227
4,Poor,3.849641009
5,Poor,3.556934873
4,Poor,2.612507746
5,Poor,4.012972624
5,Poor,5.873145546
5,Poor,2.292022559
5,Poor,5.124814343
5,Poor,2.102756963
5,Poor,3.85992085
5,Poor,5.300275439
5,Poor,3.485293545
5,Poor,5.489623818
5,Poor,5.916766091
5,Poor,3.390975137
5,Poor,5.008810903
5,Poor,4.221906852
5,Poor,3.743426686
5,Poor,5.163003317
5,Poor,3.742427486
5,Poor,5.219679899
5,Poor,4.862232874
5,Poor,4.788865668
5,Poor,3.404533555
4,Poor,3.091028842
5,Poor,5.371751028
5,Poor,5.78068662
5,Poor,3.527591148
5,Poor,2.734438007
5,Poor,4.481204071
5,Poor,2.323866612
5,Poor,4.639288926
5,Poor,3.666712301
5,Poor,5.653639742
5,Poor,4.855537391
5,Poor,2.907144862
5,Poor,5.40832125
5,Poor,4.746224956
4,Poor,3.392591061
5,Poor,4.207752602
5,Poor,2.441048129
5,Poor,5.328870889
5,Poor,3.290593779
5,Poor,5.012675501
5,Poor,5.724486268
5,Poor,2.723121929
5,Poor,4.863542938
5,Poor,2.924487359
5,Poor,5.362375333
5,Poor,3.682602239
5,Poor,5.332442987
5,Poor,3.186312616
4,Poor,2.865234154
5,Poor,2.570340682
5,Poor,4.450999381
5,Poor,3.928107198
4,Poor,3.600113754
5,Poor,2.811072546
5,Poor,5.136911495
5,Poor,2.725475716
5,Poor,5.206909981
5,Poor,2.675350998
5,Poor,4.705222049
5,Poor,5.007499013
5,Poor,2.978095466
5,Poor,4.09383527
5,Poor,2.026096929
5,Poor,2.494942203
5,Poor,2.036235265
5,Poor,2.459438699
5,Poor,5.303155907
5,Poor,5.799615675
5,Poor,3.295921142
5,Poor,3.821024013
5,Poor,5.238647805
5,Poor,2.970558155
5,Poor,5.40513106
5,Poor,5.567454995
5,Poor,3.954019005
5,Poor,3.034684765
5,Poor,5.082796696
5,Poor,5.398921477
5,Poor,2.066295913
5,Poor,4.764765593
5,Poor,4.723416337
5,Poor,4.772445051
5,Poor,3.025199231
5,Poor,2.646562054
5,Poor,4.036759126
5,Poor,4.435877462
5,Poor,4.432665675
5,Poor,2.932467192
5,Poor,5.87286664
5,Poor,2.068517997
5,Poor,2.479088849
5,Poor,3.595598408
5,Poor,3.691655757
5,Poor,2.266318318
5,Poor,3.769752802
5,Poor,4.265804717
5,Poor,3.486380238
5,Poor,2.427798588
4,Poor,2.845603443
5,Poor,4.08008184
5,Poor,4.552416772
5,Poor,4.54690862
5,Poor,2.665153126
5,Poor,2.880509148
5,Poor,3.98354609
5,Poor,3.627280298
5,Poor,2.575605317
5,Poor,5.338675091
5,Poor,4.776032203
5,Poor,5.675181234
5,Poor,4.043787589
5,Poor,4.952936754
5,Poor,4.731503967
5,Poor,5.92422098
5,Poor,2.314631388
5,Poor,2.854569084
5,Poor,2.402583149
3,Poor,3.870750595
5,Poor,2.250246281
5,Poor,3.484472025
5,Poor,3.965163258
5,Poor,2.143676971
5,Poor,5.561567736
5,Poor,4.985995617
5,Poor,4.225743993
5,Poor,3.518799538
5,Poor,5.097534401
5,Poor,5.677610559
5,Poor,5.644995063
5,Poor,5.389292288
5,Poor,5.672980063
5,Poor,3.76790394
5,Poor,4.484875894
5,Poor,4.890872493
5,Poor,4.619953827
5,Poor,5.567503059
3,Poor,3.418738543
5,Poor,3.382957283
5,Poor,2.757066196
5,Poor,3.432907936
5,Poor,5.396237607
5,Poor,5.948094686
5,Poor,3.991206223
5,Poor,4.051902396
5,Poor,3.531929807
5,Poor,2.832072454
5,Poor,4.196977796
5,Poor,4.795610257
5,Poor,4.823504881
5,Poor,2.649706118
5,Poor,5.631282115
5,Poor,5.243914976
5,Poor,2.35199521
5,Poor,4.121490859
5,Poor,5.167058244
5,Poor,4.69957778
5,Poor,5.181366202
5,Poor,4.907411572
5,Poor,2.289608458
5,Poor,2.82574314
5,Poor,2.432810855
4,Poor,4.725402669
4,Poor,1.487797282
5,Poor,5.535964807
5,Poor,4.255862236
5,Poor,2.480128734
5,Poor,3.126759289
5,Poor,3.354268402
5,Poor,5.430189845
5,Poor,3.693998782
5,Poor,3.473088008
5,Poor,4.595403327
5,Poor,2.987565238
5,Poor,5.889729762
4,Poor,1.433578715
5,Poor,3.152495928
5,Poor,3.56114501
5,Poor,4.360578326
5,Poor,2.365067772
5,Poor,3.271994379
5,Poor,3.685373736
5,Poor,5.510237092
5,Poor,2.957581364
5,Poor,5.64128511
5,Poor,5.745905205
5,Poor,5.590938803
5,Poor,5.510707252
5,Poor,3.668831407
5,Poor,3.779462614
5,Poor,3.075218286
5,Poor,5.142168527
5,Poor,4.478169854
4,Poor,3.904353518
5,Poor,4.964993626
5,Poor,5.285299294
5,Poor,3.471406174
5,Poor,4.400131803
5,Poor,2.229790107
5,Poor,3.03814897
5,Poor,3.335011189
5,Poor,2.38814827
5,Poor,3.242551777
5,Poor,3.667469631
4,Poor,4.294260182
5,Poor,3.135439915
5,Poor,3.543491469
5,Poor,4.158608919
5,Poor,4.571484512
5,Poor,5.464040291
5,Poor,2.025651856
4,Poor,1.97426151
5,Poor,4.832912658
5,Poor,2.568301264
5,Poor,5.322654247
5,Poor,2.663529472
5,Poor,3.184791634
5,Poor,5.463600558
5,Poor,2.907029295
5,Poor,3.458259115
5,Poor,4.32498517
5,Poor,4.20075403
5,Poor,4.945799339
5,Poor,2.154989515
5,Poor,4.060722666
5,Poor,4.72610894
5,Poor,4.874926376
5,Poor,4.12927873
5,Poor,2.435322905
5,Poor,4.158203161
5,Poor,4.604210005
5,Poor,4.590976618
5,Poor,5.910456249
3,Poor,0.846316366
5,Poor,3.348418133
5,Poor,2.219964279
5,Poor,3.085864929
5,Poor,4.058751435
5,Poor,3.530526265
4,Poor,4.586903734
4,Poor,4.527030075
5,Poor,2.648056221
5,Poor,2.850362489
5,Poor,5.740348597
5,Poor,4.578073765
5,Poor,4.210994986
5,Poor,4.645641223
5,Poor,5.519974465
5,Poor,2.127867049
5,Poor,5.248146205
5,Poor,3.559983694
5,Poor,5.228623281
5,Poor,2.627028479
5,Poor,3.119453903
5,Poor,3.267262726
5,Poor,2.730873031
5,Poor,5.910740875
4,Poor,4.537303945
5,Poor,3.306403388
5,Poor,3.398107445
5,Poor,4.681356372
5,Poor,5.886421895
5,Poor,3.722631096
5,Poor,3.082409262
5,Poor,2.757243518
5,Poor,3.591314666
5,Poor,5.572490779
5,Poor,2.877894451
5,Poor,4.568978212
5,Poor,4.237540178
5,Poor,3.830381423
5,Poor,2.600881968
5,Poor,2.857049317
5,Poor,2.500593667
5,Poor,2.331423628
5,Poor,5.085115995
5,Poor,2.12083561
5,Poor,3.037779275
5,Poor,3.74261153
5,Poor,3.058934128
5,Poor,5.852454253
5,Poor,4.655632411
5,Poor,2.386722352
5,Poor,5.7944771
5,Poor,4.078283544
5,Poor,5.282477404
5,Poor,4.514519791
5,Poor,3.676685883
5,Poor,4.477534213
5,Poor,2.502132603
5,Poor,2.602649992
5,Poor,2.398644113
5,Poor,3.628659729
5,Poor,4.381440168
5,Poor,3.9656833
5,Poor,3.724940482
5,Poor,2.509304712
5,Poor,2.818015218
5,Poor,2.976396881
5,Poor,5.395455338
5,Poor,5.455218034
5,Poor,2.210368966
5,Poor,4.858013423
5,Poor,5.16076806
5,Poor,3.657972933
5,Poor,4.018032566
5,Poor,3.206173858
5,Poor,2.541819864
5,Poor,4.724245743
4,Poor,4.907198261
5,Poor,3.161049223
5,Poor,4.180910244
5,Poor,5.724059472
5,Poor,3.126196369
5,Poor,4.735720157
5,Poor,2.059302922
5,Poor,5.962141772
5,Poor,4.057832337
5,Poor,3.268183779
4,Poor,2.818775916
3,Poor,2.350489973
4,Poor,1.663426912
5,Poor,5.36307905
5,Poor,3.130008353
5,Poor,3.123973119
5,Poor,2.92720842
5,Poor,4.90376321
5,Poor,3.615713463
5,Poor,2.932016356
5,Poor,2.960763377
5,Poor,4.968185705
5,Poor,3.113446731
5,Poor,3.067608515
5,Poor,2.498917357
5,Poor,5.259244993
5,Poor,4.517531316
5,Poor,5.104925029
5,Poor,3.934838148
5,Poor,4.453523647
5,Poor,3.431990162
4,Poor,3.488788588
4,Poor,1.014326331
5,Poor,3.305553803
5,Poor,3.814923106
5,Poor,3.397823407
5,Poor,4.422123521
5,Poor,2.648122793
5,Poor,5.839583144
5,Poor,5.827325045
5,Poor,5.007561401
3,Poor,3.816820495
5,Poor,5.61900448
5,Poor,2.234867807
5,Poor,2.334625351
5,Poor,3.034183791
5,Poor,5.659346452
5,Poor,5.401324648
4,Poor,2.862065597
5,Poor,2.154302679
5,Poor,5.578815798
5,Poor,3.758813141
5,Poor,3.339440411
5,Poor,3.958854088
4,Poor,2.99772172
5,Poor,5.263926819
5,Poor,4.377544509
5,Poor,3.180591992
5,Poor,3.816833331
5,Poor,2.365901864
5,Poor,2.847645242
,Poor,1.506990777
5,Poor,3.075129157
5,Poor,3.056909881
5,Poor,4.305395251
5,Poor,5.849716169
5,Poor,2.437524587
5,Poor,5.832269901
5,Poor,5.107591765
5,Poor,4.284970262
5,Poor,2.974152836
5,Poor,5.931836321
5,Poor,3.694649201
5,Poor,2.819495119
5,Poor,4.455193041
5,Poor,5.798321289
5,Poor,2.463488707
5,Poor,3.518413619
5,Poor,3.288334522
5,Poor,2.680583147
5,Poor,5.755410485
5,Poor,3.295547627
5,Poor,5.904180492
5,Poor,5.893001164
5,Poor,2.96227587
5,Poor,3.500787865
5,Poor,4.318939183
5,Poor,5.603289176
5,Poor,5.852379183
5,Poor,4.297595264
5,Poor,5.00316522
5,Poor,2.992126377
5,Poor,2.96742918
5,Poor,4.196375028
5,Poor,2.960625222
5,Poor,4.265131984
5,Poor,2.469874488
5,Poor,3.583896928
5,Poor,3.801822037
5,Poor,2.962581198
5,Poor,3.259360062
5,Poor,3.399161449
4,Poor,1.329498776
5,Poor,3.402587545
5,Poor,2.272664129
5,Poor,2.316434915
5,Poor,4.630983363
5,Poor,5.924137963
5,Poor,3.244789207
5,Poor,5.947460983
5,Poor,4.838541346
5,Poor,2.820831466
5,Poor,3.117916072
5,Poor,2.748221708
4,Poor,3.543626311
5,Poor,5.610777612
5,Poor,4.211180117
5,Poor,5.471434259
5,Poor,5.210426803
5,Poor,3.747323572
5,Poor,3.637722079
4,Poor,2.711154187
5,Poor,4.000622254
5,Poor,2.853180964
5,Poor,4.395151296
5,Poor,4.569109657
5,Poor,2.479082037
5,Poor,5.57545668
5,Poor,2.152195442
5,Poor,4.90853087
5,Poor,5.867494997
5,Poor,2.163221631
5,Poor,3.593222155
4,Poor,1.912386407
4,Poor,4.513058707
4,Poor,1.167148307
4,Poor,1.687897393
5,Poor,4.794830703
5,Poor,4.539576356
5,Poor,5.64111738
5,Poor,4.610347725
5,Poor,2.800201343
5,Poor,3.384522246
5,Poor,5.538929656
5,Poor,4.224210298
5,Poor,4.982226603
5,Poor,3.266238467
5,Poor,5.094600079
5,Poor,2.764732122
5,Poor,2.858401839
4,Poor,1.569369077
5,Poor,5.943419819
4,Poor,3.32989315
5,Poor,5.178057058
5,Poor,3.739352904
4,Poor,4.243233848
5,Poor,3.809269506
5,Poor,3.626907529
5,Poor,4.06532088
5,Poor,3.951228649
5,Poor,2.517711819
5,Poor,4.550111774
4,Poor,3.31869157
5,Poor,5.723399335
5,Poor,5.202083575
3,Poor,0.641992301
5,Poor,2.703892331
5,Poor,5.831621469
5,Poor,5.160873064
5,Poor,5.598481559
4,Poor,1.961397342
5,Poor,4.59169689
5,Poor,4.808065441
5,Poor,2.506306666
5,Poor,3.505318222
5,Poor,4.012572512
5,Poor,2.74080362
5,Poor,5.882460749
5,Poor,2.916408869
5,Poor,5.885582511
5,Poor,5.360548032
5,Poor,2.836502644
5,Poor,4.321234751
5,Poor,2.445692351
5,Poor,3.616802421
5,Poor,2.202390949
5,Poor,2.11549944
5,Poor,4.291936052
5,Poor,2.057524259
5,Poor,5.416665145
5,Poor,2.646157758
5,Poor,3.181024105
5,Poor,5.839379826
5,Poor,2.927319255
5,Poor,3.786422393
5,Poor,4.225981859
5,Poor,2.456565054
5,Poor,5.963552716
4,Poor,3.717722204
5,Poor,5.838238433
5,Poor,4.072744895
4,Poor,3.120452622
5,Poor,2.694485703
5,Poor,2.597506889
5,Poor,4.711302088
3,Poor,0.354383496
5,Poor,5.55950157
5,Poor,2.903599454
5,Poor,5.434488244
5,Poor,4.590027975
5,Poor,5.147558404
5,Poor,3.356148397
5,Poor,4.528939279
5,Poor,2.168075677
5,Poor,3.453824489
5,Poor,4.819391625
5,Poor,4.576764753
5,Poor,4.166514867
5,Poor,3.567643975
5,Poor,2.30390742
5,Poor,3.24586854
5,Poor,2.897663257
5,Poor,5.377497459
5,Poor,4.367590063
5,Poor,4.208186865
5,Poor,5.886792507
5,Poor,4.93296121
5,Poor,5.210440005
5,Poor,5.309738108
5,Poor,2.672582507
5,Poor,4.372819342
5,Poor,5.903610721
5,Poor,5.212712011
4,Poor,3.989134805
5,Poor,2.704703678
5,Poor,5.483888475
5,Poor,3.941888445
5,Poor,4.623272036
5,Poor,5.157332161
5,Poor,3.937771629
5,Poor,2.576968738
5,Poor,4.438368428
5,Poor,2.788206184
5,Poor,3.088416072
5,Poor,4.731206062
5,Poor,4.024853336
5,Poor,4.900818441
5,Poor,5.370617209
5,Poor,2.210784779
4,Poor,1.105958643
5,Poor,4.101805196
5,Poor,2.089111022
4,Poor,2.140150418
3,Poor,0.243648258
5,Poor,2.546005854
5,Poor,5.491616246
5,Poor,2.601765364
5,Poor,3.589162722
5,Poor,3.122210064
3,Poor,2.810964195
5,Poor,2.730463905
4,Poor,2.936750782
5,Poor,4.646989496
4,Poor,1.201786564
5,Poor,5.981547821
4,Poor,4.877276169
5,Poor,4.336387663
5,Poor,2.949445985
5,Poor,4.904075691
5,Poor,5.457208311
5,Poor,5.54406205
5,Poor,3.942479759
5,Poor,2.139228043
5,Poor,5.988011142
5,Poor,4.241103346
5,Poor,4.678832644
5,Poor,3.507788982
3,Poor,0.181407508
5,Poor,2.939765843
5,Poor,2.461217453
5,Poor,5.759455178
5,Poor,5.487029818
5,Poor,4.314618346
4,Poor,2.658482206
5,Poor,3.447369863
5,Poor,4.512899654
5,Poor,5.183861226
5,Poor,2.424679928
5,Poor,2.991664164
5,Poor,2.630038453
5,Poor,3.84714018
5,Poor,3.36553526
5,Poor,5.955239975
5,Poor,5.670750286
5,Poor,2.85410793
5,Poor,3.163891394
5,Poor,3.027578735
5,Poor,5.093367716
5,Poor,4.654475823
5,Poor,4.810015659
5,Poor,4.374199152
5,Poor,4.493032096
5,Poor,3.828087228
5,Poor,5.274295066
5,Poor,2.166760647
5,Poor,2.44813061
5,Poor,3.78711862
5,Poor,5.158762761
5,Poor,4.396793323
5,Poor,2.917829257
5,Poor,4.998962842
5,Poor,3.214706972
5,Poor,4.819122776
5,Poor,4.355712405
5,Poor,3.757903601